{
	"class_name" : "PinholeCameraParameters",
	"extrinsic" : 
	[
		1.0,
		-0.0,
		-0.0,
		0.0,
		0.0,
		-1.0,
		-0.0,
		0.0,
		0.0,
		-0.0,
		-1.0,
		0.0,
		0.14221763610839844,
		-0.80228996276855469,
		147.17090310478707,
		1.0
	],
	"intrinsic" : 
	{
		"height" : 704,
		"intrinsic_matrix" : 
		[
			609.68188426424479,
			0.0,
			0.0,
			0.0,
			609.68188426424479,
			0.0,
			683.5,
			351.5,
			1.0
		],
		"width" : 1368
	},
	"version_major" : 1,
	"version_minor" : 0
}